Sample_Name	Indel	Size	homologyGCContent	homologyLength
0_0_0_0_CTTTCACTTTATAGATTTAT	0+1	1	0.0	1.0
0_0_0_0_CTTTCACTTTATAGATTTAT	2+2	2	0.0	2.0
0_0_0_0_CTTTCACTTTATAGATTTAT	-1+2	2	0.0	1.0
0_0_0_0_CTTTCACTTTATAGATTTAT	-3+2	2	0.0	0.0
0_0_0_0_CTTTCACTTTATAGATTTAT	0+3	3	0.0	1.0
0_0_0_0_CTTTCACTTTATAGATTTAT	-2+3	3	0.0	0.0
0_0_0_0_CTTTCACTTTATAGATTTAT	-3+3	3	0.0	0.0
0_0_0_0_CTTTCACTTTATAGATTTAT	-4+3	3	0.0	0.0
0_0_0_0_CTTTCACTTTATAGATTTAT	0+4	4	0.0	0.0
0_0_0_0_CTTTCACTTTATAGATTTAT	-1+4	4	0.0	2.0
0_0_0_0_CTTTCACTTTATAGATTTAT	-4+4	4	0.0	0.0
0_0_0_0_CTTTCACTTTATAGATTTAT	-5+4	4	0.0	2.0
0_0_0_0_CTTTCACTTTATAGATTTAT	0+5	5	0.0	0.0
0_0_0_0_CTTTCACTTTATAGATTTAT	-1+5	5	0.0	0.0
0_0_0_0_CTTTCACTTTATAGATTTAT	-2+5	5	0.0	0.0
0_0_0_0_CTTTCACTTTATAGATTTAT	-3+5	5	0.0	0.0
0_0_0_0_CTTTCACTTTATAGATTTAT	-4+5	5	0.0	0.0
0_0_0_0_CTTTCACTTTATAGATTTAT	-5+5	5	0.0	1.0
0_0_0_0_CTTTCACTTTATAGATTTAT	0+6	6	0.0	0.0
0_0_0_0_CTTTCACTTTATAGATTTAT	-1+6	6	0.0	0.0
0_0_0_0_CTTTCACTTTATAGATTTAT	-2+6	6	0.0	1.0
0_0_0_0_CTTTCACTTTATAGATTTAT	-4+6	6	0.0	2.0
0_0_0_0_CTTTCACTTTATAGATTTAT	-7+6	6	0.0	1.0
0_0_0_0_CTTTCACTTTATAGATTTAT	1+7	7	0.0	1.0
0_0_0_0_CTTTCACTTTATAGATTTAT	-1+7	7	0.0	0.0
0_0_0_0_CTTTCACTTTATAGATTTAT	-2+7	7	0.0	0.0
0_0_0_0_CTTTCACTTTATAGATTTAT	-3+7	7	0.0	0.0
0_0_0_0_CTTTCACTTTATAGATTTAT	-4+7	7	0.0	0.0
0_0_0_0_CTTTCACTTTATAGATTTAT	-5+7	7	0.0	0.0
0_0_0_0_CTTTCACTTTATAGATTTAT	-6+7	7	0.0	0.0
0_0_0_0_CTTTCACTTTATAGATTTAT	-7+7	7	0.0	2.0
0_0_0_0_CTTTCACTTTATAGATTTAT	2+8	8	0.0	3.0
0_0_0_0_CTTTCACTTTATAGATTTAT	-2+8	8	0.0	0.0
0_0_0_0_CTTTCACTTTATAGATTTAT	-3+8	8	0.14285714285714288	7.0
0_0_0_0_CTTTCACTTTATAGATTTAT	0+9	9	0.0	2.0
0_0_0_0_CTTTCACTTTATAGATTTAT	-3+9	9	1.0	1.0
0_0_0_0_CTTTCACTTTATAGATTTAT	-5+9	9	0.0	0.0
0_0_0_0_CTTTCACTTTATAGATTTAT	-6+9	9	0.0	0.0
0_0_0_0_CTTTCACTTTATAGATTTAT	-7+9	9	0.0	0.0
0_0_0_0_CTTTCACTTTATAGATTTAT	-8+9	9	0.0	2.0
0_0_0_0_CTTTCACTTTATAGATTTAT	0+10	10	0.0	0.0
0_0_0_0_CTTTCACTTTATAGATTTAT	-1+10	10	0.0	1.0
0_0_0_0_CTTTCACTTTATAGATTTAT	-3+10	10	1.0	1.0
0_0_0_0_CTTTCACTTTATAGATTTAT	-5+10	10	0.0	0.0
0_0_0_0_CTTTCACTTTATAGATTTAT	-6+10	10	0.0	2.0
0_0_0_0_CTTTCACTTTATAGATTTAT	-9+10	10	0.0	1.0
0_0_0_0_CTTTCACTTTATAGATTTAT	-11+10	10	0.0	0.0
0_0_0_0_CTTTCACTTTATAGATTTAT	2+11	11	0.0	2.0
0_0_0_0_CTTTCACTTTATAGATTTAT	-1+11	11	0.0	0.0
0_0_0_0_CTTTCACTTTATAGATTTAT	-2+11	11	0.0	0.0
0_0_0_0_CTTTCACTTTATAGATTTAT	-3+11	11	0.0	0.0
0_0_0_0_CTTTCACTTTATAGATTTAT	-4+11	11	0.0	0.0
0_0_0_0_CTTTCACTTTATAGATTTAT	-5+11	11	0.0	0.0
0_0_0_0_CTTTCACTTTATAGATTTAT	-6+11	11	0.0	0.0
0_0_0_0_CTTTCACTTTATAGATTTAT	-7+11	11	0.0	0.0
0_0_0_0_CTTTCACTTTATAGATTTAT	-8+11	11	0.0	1.0
0_0_0_0_CTTTCACTTTATAGATTTAT	-10+11	11	0.0	0.0
0_0_0_0_CTTTCACTTTATAGATTTAT	-11+11	11	0.0	0.0
0_0_0_0_CTTTCACTTTATAGATTTAT	-12+11	11	0.0	0.0
0_0_0_0_CTTTCACTTTATAGATTTAT	0+12	12	0.0	1.0
0_0_0_0_CTTTCACTTTATAGATTTAT	-2+12	12	0.0	1.0
0_0_0_0_CTTTCACTTTATAGATTTAT	-4+12	12	0.0	0.0
0_0_0_0_CTTTCACTTTATAGATTTAT	-5+12	12	0.0	0.0
0_0_0_0_CTTTCACTTTATAGATTTAT	-6+12	12	0.0	0.0
0_0_0_0_CTTTCACTTTATAGATTTAT	-7+12	12	0.0	0.0
0_0_0_0_CTTTCACTTTATAGATTTAT	-8+12	12	0.0	0.0
0_0_0_0_CTTTCACTTTATAGATTTAT	-9+12	12	0.0	1.0
0_0_0_0_CTTTCACTTTATAGATTTAT	-11+12	12	0.0	0.0
0_0_0_0_CTTTCACTTTATAGATTTAT	-12+12	12	0.0	0.0
0_0_0_0_CTTTCACTTTATAGATTTAT	-13+12	12	0.0	1.0
0_0_0_0_CTTTCACTTTATAGATTTAT	0+13	13	0.0	0.0
0_0_0_0_CTTTCACTTTATAGATTTAT	-1+13	13	0.0	2.0
0_0_0_0_CTTTCACTTTATAGATTTAT	-4+13	13	0.0	0.0
0_0_0_0_CTTTCACTTTATAGATTTAT	-5+13	13	0.0	1.0
0_0_0_0_CTTTCACTTTATAGATTTAT	-7+13	13	0.0	0.0
0_0_0_0_CTTTCACTTTATAGATTTAT	-8+13	13	0.0	0.0
0_0_0_0_CTTTCACTTTATAGATTTAT	-9+13	13	0.0	0.0
0_0_0_0_CTTTCACTTTATAGATTTAT	-10+13	13	0.0	0.0
0_0_0_0_CTTTCACTTTATAGATTTAT	-11+13	13	0.0	1.0
0_0_0_0_CTTTCACTTTATAGATTTAT	-13+13	13	0.0	2.0
0_0_0_0_CTTTCACTTTATAGATTTAT	0+14	14	0.0	0.0
0_0_0_0_CTTTCACTTTATAGATTTAT	-1+14	14	0.0	0.0
0_0_0_0_CTTTCACTTTATAGATTTAT	-2+14	14	0.0	0.0
0_0_0_0_CTTTCACTTTATAGATTTAT	-3+14	14	0.0	0.0
0_0_0_0_CTTTCACTTTATAGATTTAT	-4+14	14	0.0	2.0
0_0_0_0_CTTTCACTTTATAGATTTAT	-7+14	14	0.0	0.0
0_0_0_0_CTTTCACTTTATAGATTTAT	-8+14	14	0.0	0.0
0_0_0_0_CTTTCACTTTATAGATTTAT	-9+14	14	0.0	0.0
0_0_0_0_CTTTCACTTTATAGATTTAT	-10+14	14	0.0	0.0
0_0_0_0_CTTTCACTTTATAGATTTAT	-11+14	14	0.0	0.0
0_0_0_0_CTTTCACTTTATAGATTTAT	-12+14	14	0.0	0.0
0_0_0_0_CTTTCACTTTATAGATTTAT	-13+14	14	0.0	3.0
0_0_0_0_CTTTCACTTTATAGATTTAT	1+15	15	0.0	1.0
0_0_0_0_CTTTCACTTTATAGATTTAT	-1+15	15	0.0	0.0
0_0_0_0_CTTTCACTTTATAGATTTAT	-2+15	15	0.0	1.0
0_0_0_0_CTTTCACTTTATAGATTTAT	-4+15	15	0.0	1.0
0_0_0_0_CTTTCACTTTATAGATTTAT	-6+15	15	0.0	0.0
0_0_0_0_CTTTCACTTTATAGATTTAT	-7+15	15	0.0	1.0
0_0_0_0_CTTTCACTTTATAGATTTAT	-9+15	15	0.0	0.0
0_0_0_0_CTTTCACTTTATAGATTTAT	-10+15	15	0.0	0.0
